d,n,j,D_original,D_squarefree,tunnell_result
51783781159,2,227561,103567562320,6472972645,✓ CONFIRMADO
5437440,9,39573,3131965512,86999042,✓ CONFIRMADO
78685769,2,8871,157371540,39342885,✓ CONFIRMADO
69654030319,2,263921,139308060640,8706753790,✓ CONFIRMADO
9567285155,2,97813,19134570312,531515842,✓ CONFIRMADO
7585451929,2,87095,15170903860,3792725965,✓ CONFIRMADO
6300628751,2,79377,12601257504,6508914,✓ CONFIRMADO
2460804841,2,49607,4921609684,1230402421,✓ CONFIRMADO
1717547855,5,262111,137403828420,34350957105,✓ CONFIRMADO
1326525661,2,36422,2653051324,5481511,✓ CONFIRMADO
57999329729,2,240831,115998659460,3222184985,✓ CONFIRMADO
69487859629,2,263606,138975719260,34743929815,✓ CONFIRMADO
37658701421,2,194059,75317402844,2092150079,✓ CONFIRMADO
954222989,2,30891,1908445980,477111495,✓ CONFIRMADO
2453139338,4,210135,88313016180,22078254045,✓ CONFIRMADO
1251959100,4,150118,45070527612,11267631903,✓ CONFIRMADO
127091801,2,11274,254183604,63545901,✓ CONFIRMADO
111756611,2,10572,223513224,58146,✓ CONFIRMADO
3848347,9,33292,2216647944,6841506,✓ CONFIRMADO
8326211,12,77749,12089658504,3022414626,✓ CONFIRMADO
171170444,5,82746,13693635540,380378765,✓ CONFIRMADO
32332175531,2,179812,64664351064,1796231974,✓ CONFIRMADO
45892993301,2,214227,91785986604,2549610739,✓ CONFIRMADO
88576331,2,9412,177152664,44288166,✓ CONFIRMADO
98479713,10,199711,79768567620,2215793545,✓ CONFIRMADO
4999550555,2,70708,9999101112,51015822,✓ CONFIRMADO
64933487219,2,254821,129866974440,32466743610,✓ CONFIRMADO
53491594805,2,231283,106983189612,2971755267,✓ CONFIRMADO
62293920155,2,249588,124587840312,3460773342,✓ CONFIRMADO
37600118555,2,193908,75200237112,18800059278,✓ CONFIRMADO
22276905769,2,149255,44553811540,227315365,✓ CONFIRMADO
341366675,4,78388,12289200312,3072300078,✓ CONFIRMADO
25542272579,2,159820,51084545160,12771136290,✓ CONFIRMADO
43973880299,2,209700,87947760600,97719734,✓ CONFIRMADO
543834703,4,98940,19578049320,4894512330,✓ CONFIRMADO
2074961023,5,288095,165996881860,41499220465,✓ CONFIRMADO
5310719,2,2305,10621440,4610,✓ CONFIRMADO
4052085268,4,270070,145875069660,36468767415,✓ CONFIRMADO
82256247611,2,286804,164512495224,4569791534,✓ CONFIRMADO
3222094931,2,56764,6444189864,179005274,✓ CONFIRMADO
61728644755,2,248453,123457289512,30864322378,✓ CONFIRMADO
22607377805,2,150358,45214755612,11303688903,✓ CONFIRMADO
813852788,4,121035,29298700380,7324675095,✓ CONFIRMADO
10434484,13,98827,19533354204,4883338551,✓ CONFIRMADO
3056154805,2,55283,6112309612,1528077403,✓ CONFIRMADO
78163677,6,76566,11724551580,2931137895,✓ CONFIRMADO
73843442821,2,271742,147686885644,36921721411,✓ CONFIRMADO
358378829,5,119730,28670306340,7167576585,✓ CONFIRMADO
1319106079,2,36320,2638212160,41222065,✓ CONFIRMADO
1086064979,2,32956,2172129960,3213210,✓ CONFIRMADO
18268090439,2,135160,36536180880,2283511305,✓ CONFIRMADO
1180850131,2,34364,2361700264,4879546,✓ CONFIRMADO
16307162299,2,127700,32614324600,326143246,✓ CONFIRMADO
1213312719,6,301660,181996907880,45499226970,✓ CONFIRMADO
14968421369,2,122346,29936842740,831578965,✓ CONFIRMADO
235483274,8,214837,92309443464,23077360866,✓ CONFIRMADO
12189321,12,94072,17698894224,1106180889,✓ CONFIRMADO
2063108504,5,287271,165048680340,4584685565,✓ CONFIRMADO
238007755,2,15428,476015512,119003878,✓ CONFIRMADO
67449543809,2,259711,134899087620,33724771905,✓ CONFIRMADO
26721623555,2,163468,53443247112,1484534642,✓ CONFIRMADO
36400633309,2,190790,72801266620,18200316655,✓ CONFIRMADO
1969007501,2,44374,3938015004,984503751,✓ CONFIRMADO
18133719581,2,134662,36267439164,9066859791,✓ CONFIRMADO
43532225,4,27993,1567160112,97947507,✓ CONFIRMADO
38586905659,2,196436,77173811320,19293452830,✓ CONFIRMADO
604134593,4,104281,21748845360,1359302835,✓ CONFIRMADO
87153372305,2,295218,174306744612,4841854017,✓ CONFIRMADO
2780354878,4,223711,100092775620,25023193905,✓ CONFIRMADO
48450833339,2,220116,96901666680,24225416670,✓ CONFIRMADO
919397227,4,128644,33098300184,8274575046,✓ CONFIRMADO
42210318851,2,205452,84420637704,2345017714,✓ CONFIRMADO
4675072249,2,68375,9350144500,93501445,✓ CONFIRMADO
218301383,9,250741,125741596680,3492822130,✓ CONFIRMADO
610707655,2,24713,1221415312,76338457,✓ CONFIRMADO
264696629,2,16270,529393260,132348315,✓ CONFIRMADO
6815765,26,235326,110756181900,1107561819,✓ CONFIRMADO
6569183549,2,81051,13138367100,131383671,✓ CONFIRMADO
75711649805,2,275158,151423299612,467355863,✓ CONFIRMADO
10593658549,2,102926,21187317100,211873171,✓ CONFIRMADO
20093771,5,28351,1607501700,198457,✓ CONFIRMADO
92687671361,2,304447,185375342724,46343835681,✓ CONFIRMADO
91390225,6,82791,13708533780,380792605,✓ CONFIRMADO
1288558711,2,35897,2577117424,161069839,✓ CONFIRMADO
18286206301,2,135227,36572412604,9143103151,✓ CONFIRMADO
9774387089,2,98866,19548774180,3213145,✓ CONFIRMADO
26025594299,2,161325,52051188600,57834654,✓ CONFIRMADO
51178429301,2,226227,102356858604,25589214651,✓ CONFIRMADO
88146937919,2,296896,176293875840,2754591810,✓ CONFIRMADO
16843237741,2,129782,33686475484,8421618871,✓ CONFIRMADO
3344019755,2,57828,6688039512,1672009878,✓ CONFIRMADO
963392828,4,131686,34682141820,8670535455,✓ CONFIRMADO
21999346,12,126379,31943050524,887306959,✓ CONFIRMADO
28317982,8,74501,11100649000,111006490,✓ CONFIRMADO
56883919511,2,238504,113767839024,7110489939,✓ CONFIRMADO
9015977255,2,94953,18031954512,1126997157,✓ CONFIRMADO
62382804989,2,249766,124765609980,31191402495,✓ CONFIRMADO
59175670859,2,243261,118351341720,3287537270,✓ CONFIRMADO
53186737505,2,230623,106373475012,92018577,✓ CONFIRMADO
643154959,2,25361,1286309920,80394370,✓ CONFIRMADO
626462411,6,216760,93969361680,5873085105,✓ CONFIRMADO
51065830505,2,225978,102131661012,25532915253,✓ CONFIRMADO
3703270169,2,60855,7406540340,1851635085,✓ CONFIRMADO
2006537342,4,190047,72235344324,18058836081,✓ CONFIRMADO
67338433511,2,259497,134676867024,935256021,✓ CONFIRMADO
7580575421,2,87067,15161150844,421143079,✓ CONFIRMADO
187485475,4,58093,6749477112,1687369278,✓ CONFIRMADO
1502771527,4,164469,54099774984,13524943746,✓ CONFIRMADO
1012327507,4,134989,36443790264,9110947566,✓ CONFIRMADO
9218208131,2,96012,18436416264,512122674,✓ CONFIRMADO
2882062388,4,227766,103754245980,25938561495,✓ CONFIRMADO
3332150218,4,244906,119957407860,29989351965,✓ CONFIRMADO
39275510579,2,198181,78551021160,2181972810,✓ CONFIRMADO
152468773,5,78095,12197501860,3049375465,✓ CONFIRMADO
3297951648,4,243646,118726259340,29681564835,✓ CONFIRMADO
332614609,5,115346,26609168740,135761065,✓ CONFIRMADO
1200124003,6,300016,180018600480,1250129170,✓ CONFIRMADO
1869434089,5,273455,149554727140,37388681785,✓ CONFIRMADO
76287268601,2,276202,152574537204,4238181589,✓ CONFIRMADO
394558631,2,19864,789117264,5479981,✓ CONFIRMADO
88475335,6,81460,13271300280,368647230,✓ CONFIRMADO
85558297511,2,292504,171116595024,10694787189,✓ CONFIRMADO
320073,10,11386,259259220,7201645,✓ CONFIRMADO
82095143005,2,286523,164190286012,41047571503,✓ CONFIRMADO
699336367,4,112197,25176109224,6294027306,✓ CONFIRMADO
20367713939,2,142716,40735427880,10183856970,✓ CONFIRMADO
9067514951,2,95224,18135029904,1133439369,✓ CONFIRMADO
30707978,4,23511,1105487220,276371805,✓ CONFIRMADO
5630176189,2,75035,11260352380,2815088095,✓ CONFIRMADO
40731917861,2,201822,81463835724,20365958931,✓ CONFIRMADO
3626637972,4,255499,130558967004,32639741751,✓ CONFIRMADO
12525974479,2,111920,25051948960,1565746810,✓ CONFIRMADO
5717552609,2,75615,11435105220,567105,✓ CONFIRMADO
54408128279,2,233256,108816256560,6801016035,✓ CONFIRMADO
31552949791,2,177632,63105899584,986029681,✓ CONFIRMADO
19809577261,2,140747,39619154524,9904788631,✓ CONFIRMADO
52337771849,2,228775,104675543700,1046755437,✓ CONFIRMADO
666390587,5,163266,53311246980,13327811745,✓ CONFIRMADO
2579674889,2,50791,5159349780,1289837445,✓ CONFIRMADO
8874111005,2,94203,17748222012,54778463,✓ CONFIRMADO
2464079959,2,49640,4928159920,308009995,✓ CONFIRMADO
192328295,5,87711,15386263620,464505,✓ CONFIRMADO
70300545305,2,265143,140601090612,35150272653,✓ CONFIRMADO
39901460761,2,199754,79802921524,19950730381,✓ CONFIRMADO
36777075301,2,191774,73554150604,18388537651,✓ CONFIRMADO
8732061469,2,93446,17464122940,4366030735,✓ CONFIRMADO
3926826050,4,265863,141365737812,35341434453,✓ CONFIRMADO
43279185331,2,208037,86558370664,21639592666,✓ CONFIRMADO
1290921203,4,152436,46473163320,11618290830,✓ CONFIRMADO
43122467939,2,207660,86244935880,21561233970,✓ CONFIRMADO
70104147,9,142092,40379988744,1121666354,✓ CONFIRMADO
16583386951,2,128777,33166773904,2072923369,✓ CONFIRMADO
6082518089,2,77991,12165036180,3041259045,✓ CONFIRMADO
2417934755,2,49173,4835869512,1208967378,✓ CONFIRMADO
547603,50,181301,65739742600,13416274,✓ CONFIRMADO
30839750155,2,175613,61679500312,15419875078,✓ CONFIRMADO
57973117,4,32304,2087032224,130439514,✓ CONFIRMADO
72353737181,2,268987,144707474364,36176868591,✓ CONFIRMADO
279575119,2,16721,559150240,34946890,✓ CONFIRMADO
84380875,4,38973,3037711512,759427878,✓ CONFIRMADO
2952346559,2,54336,5904693120,92260830,✓ CONFIRMADO
1246455020,5,223290,99716401620,2769900045,✓ CONFIRMADO
179725000,4,56878,6470100012,1617525003,✓ CONFIRMADO
1986838250,5,281911,158947060020,39736765005,✓ CONFIRMADO
3258114818,4,242170,117292133460,29323033365,✓ CONFIRMADO
22559889799,2,150200,45119779600,112799449,✓ CONFIRMADO
600579773,6,212235,90086965980,186130095,✓ CONFIRMADO
509246921,2,22567,1018493844,254623461,✓ CONFIRMADO
468468380,5,136890,37477470420,684445,✓ CONFIRMADO
245741891,6,135760,36861283680,661830,✓ CONFIRMADO
44965414549,2,212051,89930829100,899308291,✓ CONFIRMADO
27734072759,2,166536,55468145520,42799495,✓ CONFIRMADO
886097462,5,188266,70887796980,104863605,✓ CONFIRMADO
7994952809,2,89415,15989905620,444164045,✓ CONFIRMADO
38754056459,2,196861,77508112920,19377028230,✓ CONFIRMADO
16536421,2,4067,33072844,168739,✓ CONFIRMADO
58610715311,2,242097,117221430624,7326339414,✓ CONFIRMADO
65790454511,2,256497,131580909024,8223806814,✓ CONFIRMADO
5756083,9,40716,3315503880,92097330,✓ CONFIRMADO
58860339931,2,242612,117720679864,2304814,✓ CONFIRMADO
2027963912,4,191059,73006700844,150840291,✓ CONFIRMADO
71415346931,2,267237,142830693864,3967519274,✓ CONFIRMADO
9005535505,2,94898,18011071012,4502767753,✓ CONFIRMADO
74834252921,2,273559,149668505844,37417126461,✓ CONFIRMADO
1300802978,5,228106,104064238260,2890673285,✓ CONFIRMADO
14642573041,2,121007,29285146084,7321286521,✓ CONFIRMADO
1572082849,2,39650,3144165700,31441657,✓ CONFIRMADO
10898629211,2,104397,21797258424,5449314606,✓ CONFIRMADO
23926366441,2,154682,47852732884,11963183221,✓ CONFIRMADO
3162206521,2,56234,6324413044,1581103261,✓ CONFIRMADO
1447856703,4,161436,52122841320,13030710330,✓ CONFIRMADO
1335179,2,1156,2670360,2310,✓ CONFIRMADO
3668917737,4,256984,132081038544,8255064909,✓ CONFIRMADO
65598735005,2,256123,131197470012,8263887,✓ CONFIRMADO
8774349911,2,93672,17548699824,121865971,✓ CONFIRMADO
31727268761,2,178122,63454537524,15863634381,✓ CONFIRMADO
73544287289,2,271191,147088574580,36772143645,✓ CONFIRMADO
4033710631,2,63512,8067421264,504213829,✓ CONFIRMADO
32632435379,2,180645,65264870760,16316217690,✓ CONFIRMADO
1970026,12,37819,2860477884,79457719,✓ CONFIRMADO
49518043201,2,222527,99036086404,24759021601,✓ CONFIRMADO
27824667,10,106156,22537980360,626055010,✓ CONFIRMADO
4986326028,4,299590,179507737020,44876934255,✓ CONFIRMADO
51705529931,2,227389,103411059864,25852764966,✓ CONFIRMADO
32629545131,2,180637,65259090264,16314772566,✓ CONFIRMADO
46960840319,2,216705,93921680640,366881565,✓ CONFIRMADO
5003086555,2,70733,10006173112,2501543278,✓ CONFIRMADO
73805947,5,54335,5904475780,1476118945,✓ CONFIRMADO
17692591181,2,133014,35385182364,8846295591,✓ CONFIRMADO
73652803489,2,271391,147305606980,36826401745,✓ CONFIRMADO
43992147,6,57441,6598822080,103106595,✓ CONFIRMADO
36833478319,2,191921,73666956640,4604184790,✓ CONFIRMADO
76801868291,2,277132,153603736584,38400934146,✓ CONFIRMADO
49049264,12,188706,71219531460,17804882865,✓ CONFIRMADO
42641,2,207,85284,2369,✓ CONFIRMADO
605684201,6,213135,90852630180,22713157545,✓ CONFIRMADO
738579772,4,115302,26588871804,6647217951,✓ CONFIRMADO
30226778021,2,173859,60453556044,15113389011,✓ CONFIRMADO
47741189,2,6910,95482380,487155,✓ CONFIRMADO
87823213,4,39760,3161635680,197602230,✓ CONFIRMADO
926357098,4,129130,33348855540,8337213885,✓ CONFIRMADO
87631688701,2,296027,175263377404,43815844351,✓ CONFIRMADO
82453112461,2,287147,164906224924,41226556231,✓ CONFIRMADO
11962781249,2,109375,23925562500,382809,✓ CONFIRMADO
7251459179,2,85156,14502918360,3625729590,✓ CONFIRMADO
23501225,4,20568,846044112,52877757,✓ CONFIRMADO
7339091891,2,85669,14678183784,30326826,✓ CONFIRMADO
40758562655,2,201888,81517125312,141522787,✓ CONFIRMADO
782852419,2,27980,1565704840,7988290,✓ CONFIRMADO
12350117,6,30435,1852517580,463129395,✓ CONFIRMADO
3769449493,4,260481,135700181760,530078835,✓ CONFIRMADO
29901499319,2,172921,59802998640,76279335,✓ CONFIRMADO
84359169361,2,290447,168718338724,42179584681,✓ CONFIRMADO
604791055,2,24593,1209582112,75598882,✓ CONFIRMADO
4071282887,4,270709,146566183944,36641545986,✓ CONFIRMADO
35923705759,2,189536,71847411520,1122615805,✓ CONFIRMADO
4127663797,4,272577,148595896704,2321810886,✓ CONFIRMADO
1998671141,2,44707,3997342284,999335571,✓ CONFIRMADO
2083055239,2,45641,4166110480,260381905,✓ CONFIRMADO
55126109309,2,234790,110252218620,27563054655,✓ CONFIRMADO
28597346555,2,169108,57194693112,14298673278,✓ CONFIRMADO
38272857589,2,195635,76545715180,19136428795,✓ CONFIRMADO
3447157655,2,58713,6894315312,430894707,✓ CONFIRMADO
8886361555,2,94268,17772723112,4443180778,✓ CONFIRMADO
35249499251,2,187749,70498998504,1958305514,✓ CONFIRMADO
46596618905,2,215863,93193237812,23298309453,✓ CONFIRMADO
566598689,5,150546,45327895140,11331973785,✓ CONFIRMADO
5672876441,2,75319,11345752884,2836438221,✓ CONFIRMADO
2045685987,4,191892,73644695544,18411173886,✓ CONFIRMADO
72256396829,2,268806,144512793660,36128198415,✓ CONFIRMADO
3749274850,4,259783,134973894612,33743473653,✓ CONFIRMADO
3348579087,4,245509,120548847144,249067866,✓ CONFIRMADO
5117184689,2,71535,10234369380,2558592345,✓ CONFIRMADO
3576620368,4,253731,128758333260,32189583315,✓ CONFIRMADO
12292933001,2,110874,24585866004,6146466501,✓ CONFIRMADO
20148241079,2,141945,40296482160,2518530135,✓ CONFIRMADO
57144185351,2,239049,114288370704,793669241,✓ CONFIRMADO
2971678173,4,231280,106980414240,136454610,✓ CONFIRMADO
17646067081,2,132839,35292134164,180061909,✓ CONFIRMADO
323895783,6,155860,48584367480,12146091870,✓ CONFIRMADO
33914721439,2,184160,67829442880,1059835045,✓ CONFIRMADO
1433435348,4,160630,51603672540,12900918135,✓ CONFIRMADO
46245427,5,43010,3699634180,924908545,✓ CONFIRMADO
194346518,5,88170,15547721460,3886930365,✓ CONFIRMADO
6386167481,2,79914,12772334964,3193083741,✓ CONFIRMADO
6895071,6,22741,1034260680,258565170,✓ CONFIRMADO
361594762,5,120266,28927580980,7231895245,✓ CONFIRMADO
55644139,2,7460,111288280,27822070,✓ CONFIRMADO
2434984743,4,209356,87659450760,21914862690,✓ CONFIRMADO
971264453,5,197106,77701156260,53809665,✓ CONFIRMADO
6697212731,2,81837,13394425464,372067374,✓ CONFIRMADO
43849825811,2,209404,87699651624,2436101434,✓ CONFIRMADO
6132221171,2,78309,12264442344,340678954,✓ CONFIRMADO
6474479,2,2545,12948960,809310,✓ CONFIRMADO
15894275,5,25215,1271542020,189105,✓ CONFIRMADO
63460411481,2,251914,126920822964,31730205741,✓ CONFIRMADO
257362952,8,224596,100886277240,2802396590,✓ CONFIRMADO
437081741,2,20907,874163484,24282319,✓ CONFIRMADO
368294323,4,81421,13258595640,3314648910,✓ CONFIRMADO
31833550,4,23938,1146007812,286501953,✓ CONFIRMADO
124088459,2,11140,248176920,62044230,✓ CONFIRMADO
767451312,4,117534,27628247244,6907061811,✓ CONFIRMADO
633352721,2,25167,1266705444,316676361,✓ CONFIRMADO
33470153651,2,182949,66940307304,16735076826,✓ CONFIRMADO
7164860669,2,84646,14329721340,44227535,✓ CONFIRMADO
9809218721,2,99042,19618437444,4904609361,✓ CONFIRMADO
78070236,12,238074,113357982804,28339495701,✓ CONFIRMADO
29830989371,2,172717,59661978744,14915494686,✓ CONFIRMADO
322431850,4,76183,11607546612,2901886653,✓ CONFIRMADO
36813137555,2,191868,73626275112,18406568778,✓ CONFIRMADO
2211679811,2,47029,4423359624,1105839906,✓ CONFIRMADO
91283756,12,257434,132544013844,33136003461,✓ CONFIRMADO
2294094137,4,203209,82587388944,5161711809,✓ CONFIRMADO
42042836891,2,205044,84085673784,21021418446,✓ CONFIRMADO
28282998799,2,168176,56565997600,147154,✓ CONFIRMADO
7468329979,2,86420,14936659960,3734164990,✓ CONFIRMADO
77985309821,2,279259,155970619644,38992654911,✓ CONFIRMADO
708033895,5,168290,56642711620,14160677905,✓ CONFIRMADO
82601921429,2,287406,165203842860,4588995635,✓ CONFIRMADO
20971529039,2,144816,41943058080,2621441130,✓ CONFIRMADO
4583628505,2,67703,9167257012,2291814253,✓ CONFIRMADO
1123623919,2,33521,2247247840,140452990,✓ CONFIRMADO
1186010281,2,34439,2372020564,593005141,✓ CONFIRMADO
54996581681,2,234514,109993163364,62354401,✓ CONFIRMADO
23518522805,2,153358,47037045612,11759261403,✓ CONFIRMADO
15883434869,2,126030,31766869740,7941717435,✓ CONFIRMADO
8731967,18,150705,45423692640,315442310,✓ CONFIRMADO
1188386877,4,146257,42781927584,2673870474,✓ CONFIRMADO
27612967411,2,166172,55225934824,13806483706,✓ CONFIRMADO
67330129879,2,259481,134660259760,8416266235,✓ CONFIRMADO
369812129,2,19231,739624260,184906065,✓ CONFIRMADO
57428048521,2,239642,114856097044,169905469,✓ CONFIRMADO
54081130361,2,232554,108162260724,551848269,✓ CONFIRMADO
52882751405,2,229963,105765502812,26441375703,✓ CONFIRMADO
1223075755,2,34973,2446151512,611537878,✓ CONFIRMADO
462959771,2,21517,925919544,231479886,✓ CONFIRMADO
20516408459,2,143236,41032816920,1139800470,✓ CONFIRMADO
56777947,14,259169,134336622784,2099009731,✓ CONFIRMADO
14567886505,2,120698,29135773012,7283943253,✓ CONFIRMADO
81195647651,2,284949,162391295304,4510869314,✓ CONFIRMADO
7695274,8,38837,3016547464,754136866,✓ CONFIRMADO
7819776469,2,88430,15639552940,3909888235,✓ CONFIRMADO
4640538761,2,68122,9281077524,34061,✓ CONFIRMADO
4574155055,2,67633,9148310112,571769382,✓ CONFIRMADO
36408646909,2,190811,72817293820,18204323455,✓ CONFIRMADO
339669233,6,159610,50950384980,12737596245,✓ CONFIRMADO
137976503,4,49836,4967154120,1241788530,✓ CONFIRMADO
22531360919,2,150105,45062721840,2816420115,✓ CONFIRMADO
4255279055,2,65233,8510558112,59101098,✓ CONFIRMADO
245349332,5,99066,19627946580,4906986645,✓ CONFIRMADO
27094641419,2,164605,54189282840,13547320710,✓ CONFIRMADO
7891390721,2,88834,15782781444,3945695361,✓ CONFIRMADO
39835250,4,26778,1434069012,358517253,✓ CONFIRMADO
24853995451,2,157652,49707990904,12426997726,✓ CONFIRMADO
2067707392,5,287591,165416591380,41354147845,✓ CONFIRMADO
5157030608,4,304675,185653101900,1856531019,✓ CONFIRMADO
195649157,8,195825,76694469600,191736174,✓ CONFIRMADO
1210239731,2,34789,2420479464,605119866,✓ CONFIRMADO
17923082,4,17962,645230964,161307741,✓ CONFIRMADO
53863215139,2,232085,107726430280,26931607570,✓ CONFIRMADO
2055484158,4,192351,73997429700,739974297,✓ CONFIRMADO
88554749141,2,297582,177109498284,44277374571,✓ CONFIRMADO
683953,5,5231,54716260,13679065,✓ CONFIRMADO
61016263,4,33141,2196585480,549146370,✓ CONFIRMADO
71930971799,2,268200,143861943600,39961651,✓ CONFIRMADO
1216733935,6,302085,182510090280,103463770,✓ CONFIRMADO
7067008289,2,84066,14134016580,3533504145,✓ CONFIRMADO
3497480459,2,59140,6994960920,194304470,✓ CONFIRMADO
20904966809,2,144586,41809933620,129043005,✓ CONFIRMADO
29859321601,2,172799,59718643204,14929660801,✓ CONFIRMADO
29334269255,2,171273,58668538512,3666783657,✓ CONFIRMADO
144436102,5,76010,11554888180,2888722045,✓ CONFIRMADO
508871789,5,142671,40709743140,10177435785,✓ CONFIRMADO
24080643,4,20820,866903160,216725790,✓ CONFIRMADO
3426755981,2,58539,6853511964,1713377991,✓ CONFIRMADO
18176567219,2,134821,36353134440,1009809290,✓ CONFIRMADO
585989,2,766,1171980,32555,✓ CONFIRMADO
19292237711,2,138897,38584475424,267947746,✓ CONFIRMADO
494210600,4,94318,17791581612,4447895403,✓ CONFIRMADO
1946938832,5,279066,155755106580,38938776645,✓ CONFIRMADO
78086434159,2,279440,156172868320,9760804270,✓ CONFIRMADO
26210476711,2,161897,52420953424,66863461,✓ CONFIRMADO
571890563,4,101460,20588060280,5147015070,✓ CONFIRMADO
1258355583,4,150501,45300801000,453008010,✓ CONFIRMADO
61453170505,2,247898,122906341012,30726585253,✓ CONFIRMADO
67590380341,2,259982,135180760684,33795190171,✓ CONFIRMADO
77736410155,2,278813,155472820312,38868205078,✓ CONFIRMADO
2172800107,4,197764,78220803864,399085734,✓ CONFIRMADO
55478384981,2,235539,110956769964,3082132499,✓ CONFIRMADO
3631494068,4,255670,130733786460,32683446615,✓ CONFIRMADO
29986636721,2,173167,59973273444,305986089,✓ CONFIRMADO
3029346559,2,55040,6058693120,23666770,✓ CONFIRMADO
4559017919,2,67521,9118035840,142469310,✓ CONFIRMADO
148500409,6,105535,22275061380,618751705,✓ CONFIRMADO
5992540331,2,77412,11985080664,2996270166,✓ CONFIRMADO
431247521,2,20767,862495044,215623761,✓ CONFIRMADO
42478652711,2,206104,84957305424,5309831589,✓ CONFIRMADO
68564636951,2,261849,137129273904,8570579619,✓ CONFIRMADO
37217547641,2,192919,74435095284,18608773821,✓ CONFIRMADO
468484379,2,21645,936968760,26026910,✓ CONFIRMADO
3937053637,4,266209,141733930944,2214592671,✓ CONFIRMADO
63480487,8,111545,24884350960,1555271935,✓ CONFIRMADO
411826141,2,20294,823652284,205913071,✓ CONFIRMADO
317071441,2,17807,634142884,158535721,✓ CONFIRMADO
2400979357,4,207889,86435256864,5402203554,✓ CONFIRMADO
28778917091,2,169644,57557834184,49790514,✓ CONFIRMADO
1778514500,4,178923,64026522012,16006630503,✓ CONFIRMADO
92124086879,2,303520,184248173760,2878877715,✓ CONFIRMADO
35713629379,2,188981,71427258760,17856814690,✓ CONFIRMADO
78314623,5,55970,6265169860,1566292465,✓ CONFIRMADO
407737055,2,20193,815474112,12741783,✓ CONFIRMADO
32650140941,2,180694,65300281884,1813896719,✓ CONFIRMADO
810170831,2,28464,1620341664,101271354,✓ CONFIRMADO
91827483929,2,303031,183654967860,5101526885,✓ CONFIRMADO
4663229,13,66067,8729564844,18036291,✓ CONFIRMADO
592508621,2,24342,1185017244,296254311,✓ CONFIRMADO
44836580261,2,211747,89673160524,22418290131,✓ CONFIRMADO
582667181,2,24139,1165334364,3596711,✓ CONFIRMADO
57740485555,2,240293,115480971112,28870242778,✓ CONFIRMADO
6997238849,2,83650,13994477700,139944777,✓ CONFIRMADO
20634316961,2,143647,41268633924,10317158481,✓ CONFIRMADO
1815569489,2,42610,3631138980,907784745,✓ CONFIRMADO
41093573939,2,202716,82187147880,2282976330,✓ CONFIRMADO
7667891921,2,87567,15335783844,13266249,✓ CONFIRMADO
42440738131,2,206012,84881476264,125564314,✓ CONFIRMADO
44759114531,2,211564,89518229064,2486617474,✓ CONFIRMADO
2654373,6,14110,398155980,99538995,✓ CONFIRMADO
48584315141,2,220419,97168630284,2699128619,✓ CONFIRMADO
848353001,2,29127,1696706004,424176501,✓ CONFIRMADO
22245573349,2,149150,44491146700,444911467,✓ CONFIRMADO
54730029079,2,233945,109460058160,6841253635,✓ CONFIRMADO
43141990141,2,207707,86283980284,21570995071,✓ CONFIRMADO
40454282555,2,201133,80908565112,2247460142,✓ CONFIRMADO
34599906109,2,186011,69199812220,17299953055,✓ CONFIRMADO
12662213201,2,112527,25324426404,703456289,✓ CONFIRMADO
8600058431,2,92737,17200116864,29861314,✓ CONFIRMADO
5276206405,2,72638,10552412812,2638103203,✓ CONFIRMADO
56807147305,2,238343,113614294612,28403573653,✓ CONFIRMADO
64965088805,2,254883,129930177612,32482544403,✓ CONFIRMADO
12487727251,2,111749,24975454504,6243863626,✓ CONFIRMADO
400308228,4,84886,14411096220,3602774055,✓ CONFIRMADO
8923919621,2,94467,17847839244,4461959811,✓ CONFIRMADO
19824499199,2,140800,39648998400,1548789,✓ CONFIRMADO
2164436051,2,46524,4328872104,1082218026,✓ CONFIRMADO
1428616586,5,239050,114289326900,126988141,✓ CONFIRMADO
183228022,9,229717,105539340744,325738706,✓ CONFIRMADO
11386063729,2,106706,22772127460,5693031865,✓ CONFIRMADO
1470292802,4,162682,52930540884,13232635221,✓ CONFIRMADO
12647139139,2,112460,25294278280,6323569570,✓ CONFIRMADO
71604140509,2,267590,143208281020,730654495,✓ CONFIRMADO
663912521,2,25767,1327825044,36884029,✓ CONFIRMADO
10919719,2,3305,21839440,1364965,✓ CONFIRMADO
26589378905,2,163063,53178757812,1477187717,✓ CONFIRMADO
249322972,8,221060,97734605080,24433651270,✓ CONFIRMADO
204760768,8,200333,80266221112,20066555278,✓ CONFIRMADO
4383637,9,35532,2524974984,70138194,✓ CONFIRMADO
677118461,2,26022,1354236924,338559231,✓ CONFIRMADO
914839643,5,191295,73187171460,2032976985,✓ CONFIRMADO
5745715799,2,75801,11491431600,28728579,✓ CONFIRMADO
32399460001,2,179999,64798920004,16199730001,✓ CONFIRMADO
8895790805,2,94318,17791581612,4447895403,✓ CONFIRMADO
2216667641,2,47082,4433335284,2095149,✓ CONFIRMADO
15412601755,2,124148,30825203512,7706300878,✓ CONFIRMADO
597289159,2,24440,1194578320,74661145,✓ CONFIRMADO
419287708,4,86875,15094357500,6037743,✓ CONFIRMADO
17280811391,2,131457,34561622784,135006339,✓ CONFIRMADO
570775053,4,101361,20547901920,1284243870,✓ CONFIRMADO
3145358971,2,56084,6290717944,1572679486,✓ CONFIRMADO
5786080,21,155890,48603072420,1350085345,✓ CONFIRMADO
88070355521,2,296767,176140711044,4892797529,✓ CONFIRMADO
37359671081,2,193287,74719342164,18679835541,✓ CONFIRMADO
1567184756,5,250375,125374780500,1253747805,✓ CONFIRMADO
11577867599,2,107601,23155735200,57889338,✓ CONFIRMADO
26324647,16,217680,94768729440,48950790,✓ CONFIRMADO
82518594859,2,287261,165037189720,41259297430,✓ CONFIRMADO
54165347489,2,232735,108330694980,27082673745,✓ CONFIRMADO
35419804601,2,188202,70839609204,17709902301,✓ CONFIRMADO
39218,8,2773,15373512,427042,✓ CONFIRMADO
56491544719,2,237680,112983089440,7061443090,✓ CONFIRMADO
84581216411,2,290829,169162432824,42290608206,✓ CONFIRMADO
38946825149,2,197350,77893650300,778936503,✓ CONFIRMADO
11338948739,2,106485,22677897480,5669474370,✓ CONFIRMADO
137613655,10,236080,111467060640,774076810,✓ CONFIRMADO
1355233781,2,36814,2710467564,677616891,✓ CONFIRMADO
2278773431,2,47737,4557546864,31649631,✓ CONFIRMADO
221156224,5,94055,17692497940,4423124485,✓ CONFIRMADO
1683091649,2,41026,3366183300,33661833,✓ CONFIRMADO
80376407,4,38037,2893550664,723387666,✓ CONFIRMADO
69817757129,2,264231,139635514260,3878764285,✓ CONFIRMADO
516715503,6,196860,77507325480,19376831370,✓ CONFIRMADO
3054828169,2,55271,6109656340,1527414085,✓ CONFIRMADO
12924406,12,96867,18766237644,521284379,✓ CONFIRMADO
557919175,4,100213,20085090312,5021272578,✓ CONFIRMADO
46325459521,2,215234,92650919044,23162729761,✓ CONFIRMADO
493577,29,74907,11221967484,311721319,✓ CONFIRMADO
65224307489,2,255391,130448614980,32612153745,✓ CONFIRMADO
198341109,6,121966,29751166380,7437791595,✓ CONFIRMADO
5241977201,2,72402,10483954404,2620988601,✓ CONFIRMADO
59862674891,2,244669,119725349784,29931337446,✓ CONFIRMADO
50946132655,2,225713,101892265312,6368266582,✓ CONFIRMADO
92167191689,2,303591,184334383380,46083595845,✓ CONFIRMADO
9417187,13,93886,17628974220,4407243555,✓ CONFIRMADO
808475218,5,179831,64678017460,329989885,✓ CONFIRMADO
30217738055,2,173833,60435476112,3777217257,✓ CONFIRMADO
7976365409,2,89311,15952730820,3988182705,✓ CONFIRMADO
90701863055,2,301168,181403726112,1259748098,✓ CONFIRMADO
1129567,9,18037,650630664,18073074,✓ CONFIRMADO
14336225,6,32791,2150433780,4443045,✓ CONFIRMADO
50954258629,2,225731,101908517260,25477129315,✓ CONFIRMADO
115875229,8,150704,45423089824,2838943114,✓ CONFIRMADO
87142744799,2,295200,174285489600,12103159,✓ CONFIRMADO
9683248811,2,98404,19366497624,4841624406,✓ CONFIRMADO
245063369,2,15655,490126740,122531685,✓ CONFIRMADO
5508,9,1260,3172680,88130,✓ CONFIRMADO
782094658,4,118650,28155407700,281554077,✓ CONFIRMADO
75330761759,2,274465,150661523520,261565145,✓ CONFIRMADO
2162575511,2,46504,4325151024,30035771,✓ CONFIRMADO
685483391,6,226741,102822508680,25705627170,✓ CONFIRMADO
8679810389,2,93166,17359620780,4339905195,✓ CONFIRMADO
3300904661,2,57454,6601809324,1650452331,✓ CONFIRMADO
3866296768,4,263806,139186683660,34796670915,✓ CONFIRMADO
24708224531,2,157189,49416449064,12354112266,✓ CONFIRMADO
38536634555,2,196308,77073269112,2140924142,✓ CONFIRMADO
63069541631,2,251137,126139083264,54747866,✓ CONFIRMADO
24737542,13,152166,46308678780,11577169695,✓ CONFIRMADO
39836766871,2,199592,79673533744,4979595859,✓ CONFIRMADO
11727199,2,3425,23454400,14659,✓ CONFIRMADO
1580976881,2,39762,3161953764,39761,✓ CONFIRMADO
714359255,2,26728,1428718512,89294907,✓ CONFIRMADO
60474924971,2,245917,120949849944,201894,✓ CONFIRMADO
70199827,5,52991,5615986180,1403996545,✓ CONFIRMADO
37690145459,2,194140,75380290920,2093896970,✓ CONFIRMADO
163392305,2,12783,326784612,81696153,✓ CONFIRMADO
88248505421,2,297067,176497010844,44124252711,✓ CONFIRMADO
958395277,4,131344,34502229984,2156389374,✓ CONFIRMADO
42970595141,2,207294,85941190284,21485297571,✓ CONFIRMADO
38654509055,2,196608,77309018112,1179642,✓ CONFIRMADO
161,326,52650,5543939700,684437,✓ CONFIRMADO
23382538481,2,152914,46765076964,11691269241,✓ CONFIRMADO
2052769555,2,45308,4105539112,1026384778,✓ CONFIRMADO
12247125,4,14848,440896512,8787,✓ CONFIRMADO
667884243,4,109645,24043832760,6010958190,✓ CONFIRMADO
16826889241,2,129719,33653778484,8413444621,✓ CONFIRMADO
80290906091,2,283357,160581812184,4460605894,✓ CONFIRMADO
200661389,2,14166,401322780,11147855,✓ CONFIRMADO
16200834805,2,127283,32401669612,8100417403,✓ CONFIRMADO
310058952,4,74707,11162122284,2790530571,✓ CONFIRMADO
58921493905,2,242738,117842987812,29460746953,✓ CONFIRMADO
437463550,4,88738,15748687812,3937171953,✓ CONFIRMADO
3129604798,4,237346,112665772740,28166443185,✓ CONFIRMADO
74129517,4,36529,2668662624,166791414,✓ CONFIRMADO
15829288409,2,125815,31658576820,7914644205,✓ CONFIRMADO
77094242621,2,277659,154188485244,4283013479,✓ CONFIRMADO
39691198301,2,199227,79382396604,19845599151,✓ CONFIRMADO
20901207755,2,144573,41802415512,10450603878,✓ CONFIRMADO
48787311761,2,220879,97574623524,2710406209,✓ CONFIRMADO
71151027821,2,266742,142302055644,3952834879,✓ CONFIRMADO
3019337651,2,54949,6038675304,1509668826,✓ CONFIRMADO
7088882219,2,84196,14177764440,393826790,✓ CONFIRMADO
185432072,4,57774,6675554604,1668888651,✓ CONFIRMADO
81049819555,2,284693,162099639112,40524909778,✓ CONFIRMADO
83275242049,2,288575,166550484100,1665504841,✓ CONFIRMADO
20214337,8,62945,7924020160,123812815,✓ CONFIRMADO
21515462441,2,146682,43030924884,1195303469,✓ CONFIRMADO
77325641,2,8794,154651284,4295869,✓ CONFIRMADO
54213853,6,63766,8132077980,225891055,✓ CONFIRMADO
68719738879,2,262145,137439477760,524290,✓ CONFIRMADO
775753225,4,118168,27927116112,1745444757,✓ CONFIRMADO
77541363905,2,278463,155082727812,38770681953,✓ CONFIRMADO
74496778,9,146476,42910144200,47677938,✓ CONFIRMADO
81529379621,2,285534,163058759244,4529409979,✓ CONFIRMADO
56838136055,2,238408,113676272112,7104767007,✓ CONFIRMADO
68437960841,2,261607,136875921684,34218980421,✓ CONFIRMADO
83271202055,2,288568,166542404112,1156544473,✓ CONFIRMADO
103863191,6,88260,15579478680,3894869670,✓ CONFIRMADO
120056093,6,94891,18008413980,4502103495,✓ CONFIRMADO
3203956211,2,56604,6407912424,3028314,✓ CONFIRMADO
4363165543,4,280245,157073959560,39268489890,✓ CONFIRMADO
62285933611,2,249572,124571867224,31142966806,✓ CONFIRMADO
1475750639,2,38416,2951501280,76830,✓ CONFIRMADO
18520896371,2,136092,37041792744,9260448186,✓ CONFIRMADO
2517351,6,13741,377602680,94400670,✓ CONFIRMADO
93399000155,2,305613,186798000312,11766062,✓ CONFIRMADO
28048713005,2,167478,56097426012,14024356503,✓ CONFIRMADO
6257680129,2,79106,12515360260,3128840065,✓ CONFIRMADO
17485973,9,70965,10071920520,279775570,✓ CONFIRMADO
84474806669,2,290646,168949613340,4693044815,✓ CONFIRMADO
26823724619,2,163780,53647449240,13411862310,✓ CONFIRMADO
15469264999,2,124376,30938530000,3093853,✓ CONFIRMADO
11782776851,2,108549,23565553704,654598714,✓ CONFIRMADO
4738592375,4,292053,170589325512,42647331378,✓ CONFIRMADO
80135701805,2,283083,160271403612,40067850903,✓ CONFIRMADO
163804349,5,80946,13104347940,364009665,✓ CONFIRMADO
6285397679,2,79281,12570795360,87297190,✓ CONFIRMADO
70434055,2,8393,140868112,8804257,✓ CONFIRMADO
55172607431,2,234889,110345214864,6896575929,✓ CONFIRMADO
4715362891,2,68669,9430725784,2357681446,✓ CONFIRMADO
267943411,6,141760,40191511680,69776930,✓ CONFIRMADO
13634649055,2,116768,27269298112,8695567,✓ CONFIRMADO
9818332655,2,99088,19636665312,1227291582,✓ CONFIRMADO
33802012,4,24667,1216872444,304218111,✓ CONFIRMADO
75762287249,2,275250,151524574500,1515245745,✓ CONFIRMADO
246365804,5,99271,19709264340,547479565,✓ CONFIRMADO
15602133371,2,124909,31204266744,7801066686,✓ CONFIRMADO
1302902395,5,228290,104232191620,26058047905,✓ CONFIRMADO
438066751,6,181260,65710012680,1825278130,✓ CONFIRMADO
20218138289,2,142191,40436276580,1123229905,✓ CONFIRMADO
1461989311,5,241826,116959144900,1169591449,✓ CONFIRMADO
90180390299,2,300301,180360780600,1803607806,✓ CONFIRMADO
909977675,5,190786,72798214020,18199553505,✓ CONFIRMADO
770798128,4,117790,27748732620,6937183155,✓ CONFIRMADO
5324128,4,9790,191668620,47917155,✓ CONFIRMADO
1680467041,2,40994,3360934084,840233521,✓ CONFIRMADO
8630502899,2,92901,17261005800,172610058,✓ CONFIRMADO
4030027805,2,63483,8060055612,2015013903,✓ CONFIRMADO
42685832629,2,206606,85371665260,21342916315,✓ CONFIRMADO
495206675,4,94413,17827440312,4456860078,✓ CONFIRMADO
184294199,2,13576,368588400,921471,✓ CONFIRMADO
1484291201,2,38527,2968582404,742145601,✓ CONFIRMADO
10730198,21,212290,90133663620,22533415905,✓ CONFIRMADO
23904406709,2,154611,47808813420,1328022595,✓ CONFIRMADO
15120022331,2,122964,30240044664,7560011166,✓ CONFIRMADO
1680776120,5,259290,134462089620,3735058045,✓ CONFIRMADO
193442691,10,279901,156688579800,174098422,✓ CONFIRMADO
12448199611,2,111572,24896399224,6224099806,✓ CONFIRMADO
24103649261,2,155254,48207298524,12051824631,✓ CONFIRMADO
3026716,32,215729,93077571424,5817348214,✓ CONFIRMADO
1839686372,4,181974,66228709404,16557177351,✓ CONFIRMADO
1689579919,2,41105,3379159840,211197490,✓ CONFIRMADO
18779824559,2,137040,37559649120,2347478070,✓ CONFIRMADO
42099447941,2,205182,84198895884,2338858219,✓ CONFIRMADO
4567799809,2,67586,9135599620,2283899905,✓ CONFIRMADO
455894175,4,90588,16412190312,4103047578,✓ CONFIRMADO
248298805,2,15758,496597612,124149403,✓ CONFIRMADO
63627792269,2,252246,127255584540,31813896135,✓ CONFIRMADO
601629044,5,155130,48130323540,12032580885,✓ CONFIRMADO
359399,2,600,718800,1797,✓ CONFIRMADO
1901337500,4,184998,68448150012,17112037503,✓ CONFIRMADO
2059935386,5,287050,164794830900,1647948309,✓ CONFIRMADO
2039166878,4,191586,73410007620,18352501905,✓ CONFIRMADO
59752624691,2,244444,119505249384,29876312346,✓ CONFIRMADO
1638790423,5,256031,131103233860,32775808465,✓ CONFIRMADO
69729003905,2,264063,139458007812,34864501953,✓ CONFIRMADO
68808896909,2,262315,137617793820,3822716495,✓ CONFIRMADO
56961220889,2,238666,113922441780,28480610445,✓ CONFIRMADO
4909314421,2,70067,9818628844,2454657211,✓ CONFIRMADO
16788514469,2,129571,33577028940,8394257235,✓ CONFIRMADO
23546135255,2,153448,47092270512,2943266907,✓ CONFIRMADO
618044459,2,24861,1236088920,309022230,✓ CONFIRMADO
55875268019,2,236380,111750536040,27937634010,✓ CONFIRMADO
13794854851,2,117452,27589709704,6897427426,✓ CONFIRMADO
49178606405,2,221763,98357212812,24589303203,✓ CONFIRMADO
12467397305,2,111658,24934794612,6233698653,✓ CONFIRMADO
91111309561,2,301847,182222619124,45555654781,✓ CONFIRMADO
1962711505,2,44303,3925423012,981355753,✓ CONFIRMADO
65611541755,2,256148,131223083512,32805770878,✓ CONFIRMADO
11410191941,2,106819,22820383884,5705095971,✓ CONFIRMADO
32559495805,2,180443,65118991612,16279747903,✓ CONFIRMADO
672228333,4,110001,24200220000,2420022,✓ CONFIRMADO
56326240891,2,237332,112652481784,28163120446,✓ CONFIRMADO
21110782319,2,145296,42221564640,293205310,✓ CONFIRMADO
13461684599,2,116025,26923369200,67308423,✓ CONFIRMADO
20493497179,2,143156,40986994360,10246748590,✓ CONFIRMADO
2567746,37,248122,123128557524,3420237709,✓ CONFIRMADO
11059572059,2,105165,22119144120,614420670,✓ CONFIRMADO
38919201119,2,197280,77838402240,135136115,✓ CONFIRMADO
51187931,5,45250,4095034500,40950345,✓ CONFIRMADO
4652672309,2,68211,9305344620,258481795,✓ CONFIRMADO
22374325979,2,149581,44748651960,1243018110,✓ CONFIRMADO
55990680751,2,236624,111981361504,6998835094,✓ CONFIRMADO
18193019041,2,134882,36386038084,9096509521,✓ CONFIRMADO
3228047858,4,241050,116209722900,1162097229,✓ CONFIRMADO
70896251431,2,266264,141792502864,8862031429,✓ CONFIRMADO
3828453749,2,61875,7656907500,340307,✓ CONFIRMADO
1199567086,5,219050,95965366900,959653669,✓ CONFIRMADO
41011312655,2,202513,82022625312,5126414082,✓ CONFIRMADO
11457882721,2,107042,22915765444,5728941361,✓ CONFIRMADO
1159460038,4,144466,41740561380,10435140345,✓ CONFIRMADO
38013495869,2,194971,76026991740,387892815,✓ CONFIRMADO
1174216011,6,296760,176132401680,11008275105,✓ CONFIRMADO
1192,4,147,42924,219,✓ CONFIRMADO
11682475309,2,108086,23364950620,20211895,✓ CONFIRMADO
10414712755,2,102053,20829425512,5207356378,✓ CONFIRMADO
5586889769,2,74746,11173779540,310382765,✓ CONFIRMADO
23393855449,2,152951,46787710900,467877109,✓ CONFIRMADO
78209435939,2,279660,156418871880,39104717970,✓ CONFIRMADO
42597038489,2,206391,85194076980,21298519245,✓ CONFIRMADO
46606980881,2,215887,93213961764,23303490441,✓ CONFIRMADO
3015913168,4,232995,108572874060,553943235,✓ CONFIRMADO
729893792,4,114622,26276176524,6569044131,✓ CONFIRMADO
27373537049,2,165450,54747074100,547470741,✓ CONFIRMADO
24703509101,2,157174,49407018204,12351754551,✓ CONFIRMADO
24745020329,2,157306,49490040660,12372510165,✓ CONFIRMADO
57812595805,2,240443,115625191612,589924447,✓ CONFIRMADO
5774860055,2,75993,11549720112,721857507,✓ CONFIRMADO
827094755,5,181890,66167580420,1837988345,✓ CONFIRMADO
39045374,12,168366,56693883180,14173470795,✓ CONFIRMADO
4433790417,4,282504,159616455024,9976028439,✓ CONFIRMADO
80271072361,2,283322,160542144724,40135536181,✓ CONFIRMADO
68606015255,2,261928,137212030512,952861323,✓ CONFIRMADO
3640613905,2,60338,7281227812,1820306953,✓ CONFIRMADO
54974070689,2,234466,109948141380,560959905,✓ CONFIRMADO
907967555,2,30133,1815935112,5604738,✓ CONFIRMADO
10187773289,2,100935,20375546580,565987405,✓ CONFIRMADO
33639778331,2,183412,67279556664,1868876574,✓ CONFIRMADO
55811936269,2,236246,111623872540,27905968135,✓ CONFIRMADO
50735535269,2,225246,101471070540,25367767635,✓ CONFIRMADO
2698100097,4,220377,97131603504,35921451,✓ CONFIRMADO
14215435211,2,119229,28430870424,7107717606,✓ CONFIRMADO
1101078305,2,33183,2202156612,61171017,✓ CONFIRMADO
84855398699,2,291300,169710797400,1697107974,✓ CONFIRMADO
71465061569,2,267330,142930123140,35732530785,✓ CONFIRMADO
6976843255,2,83528,13953686512,872105407,✓ CONFIRMADO
57330795281,2,239439,114661590564,28665397641,✓ CONFIRMADO
12189595241,2,110407,24379190484,6094797621,✓ CONFIRMADO
6382651771,2,79892,12765303544,3191325886,✓ CONFIRMADO
82408897829,2,287070,164817795660,41204448915,✓ CONFIRMADO
5014126909,2,70811,10028253820,14834695,✓ CONFIRMADO
2743716779,2,52381,5487433560,3110790,✓ CONFIRMADO
75073559,2,8665,150147120,25995,✓ CONFIRMADO
269173241,2,16407,538346484,14954069,✓ CONFIRMADO
7582839319,2,87080,15165678640,337435,✓ CONFIRMADO
28580438305,2,169058,57160876612,14290219153,✓ CONFIRMADO
47322128831,2,217537,94644257664,1478816526,✓ CONFIRMADO
91482354059,2,302461,182964708120,9073830,✓ CONFIRMADO
74811275771,2,273517,149622551544,37405637886,✓ CONFIRMADO
8920321,6,25866,1338048180,37168005,✓ CONFIRMADO
26256475481,2,162039,52512950964,13128237741,✓ CONFIRMADO
543533876,5,147450,43482710100,434827101,✓ CONFIRMADO
2790430963,4,224116,100455514680,25113878670,✓ CONFIRMADO
41963727349,2,204851,83927454700,839274547,✓ CONFIRMADO
4779579089,2,69135,9559158180,2389789545,✓ CONFIRMADO
3630869125,4,255648,130711288512,2042363883,✓ CONFIRMADO
1535300660,5,247815,122824052820,3411779245,✓ CONFIRMADO
1036710523,4,136605,37321578840,9330394710,✓ CONFIRMADO
1719256387,4,175917,61893229944,15473307486,✓ CONFIRMADO
20215578941,2,142182,40431157884,1123087719,✓ CONFIRMADO
418294067,4,86772,15058586424,3764646606,✓ CONFIRMADO
152912157,4,52464,5504837664,344052354,✓ CONFIRMADO
54509408255,2,233473,109018816512,26615922,✓ CONFIRMADO
59883718231,2,244712,119767436464,44292691,✓ CONFIRMADO
3863189,2,1966,7726380,1931595,✓ CONFIRMADO
60381557,14,267267,142862764044,35715691011,✓ CONFIRMADO
4173157308,4,274075,150233663100,1502336631,✓ CONFIRMADO
1434932279,2,37881,2869864560,19929615,✓ CONFIRMADO
4264522912,4,277059,153522824844,38380706211,✓ CONFIRMADO
572031287,5,151266,45762502980,11440625745,✓ CONFIRMADO
6055874579,2,77820,12111749160,3027937290,✓ CONFIRMADO
3910188491,2,62532,7820376984,24136966,✓ CONFIRMADO
81906147055,2,286193,163812294112,10238268382,✓ CONFIRMADO
61332751369,2,247655,122665502740,30666375685,✓ CONFIRMADO
33965568505,2,184298,67931137012,16982784253,✓ CONFIRMADO
27320618809,2,165290,54641237620,13660309405,✓ CONFIRMADO
17664577,4,17832,635924784,39745299,✓ CONFIRMADO
983523434,5,198346,78681874740,19670468685,✓ CONFIRMADO
7853770261,2,88622,15707540524,3926885131,✓ CONFIRMADO
91178331805,2,301958,182356663612,45589165903,✓ CONFIRMADO
103365838,4,43135,3721170180,930292545,✓ CONFIRMADO
26376520871,2,162409,52753041744,20301,✓ CONFIRMADO
2246143841,2,47394,4492287684,124785769,✓ CONFIRMADO
4520087353,4,285240,162723144720,10170196545,✓ CONFIRMADO
27331859651,2,165324,54663719304,13665929826,✓ CONFIRMADO
56441643049,2,237575,112883286100,1128832861,✓ CONFIRMADO
35714763271,2,188984,71429526544,4464345409,✓ CONFIRMADO
39555839881,2,198887,79111679764,19777919941,✓ CONFIRMADO
44899279129,2,211895,89798558260,22449639565,✓ CONFIRMADO
12737718181,2,112862,25475436364,6368859091,✓ CONFIRMADO
72252633601,2,268799,144505267204,36126316801,✓ CONFIRMADO
24791919569,2,157455,49583839140,1377328865,✓ CONFIRMADO
47535554701,2,218027,95071109404,23767777351,✓ CONFIRMADO
84150177481,2,290087,168300354964,42075088741,✓ CONFIRMADO
65523456599,2,255976,131046913200,6686067,✓ CONFIRMADO
5081735,24,179608,64517708112,4032356757,✓ CONFIRMADO
23052197069,2,151830,46104394140,1280677615,✓ CONFIRMADO
4855542088,4,295635,174799515180,43699878795,✓ CONFIRMADO
950093699,5,194946,76007495940,19001873985,✓ CONFIRMADO
335557443,6,158641,50333616480,3145851030,✓ CONFIRMADO
3202145155,2,56588,6404290312,1601072578,✓ CONFIRMADO
933971025,6,264666,140095653780,35023913445,✓ CONFIRMADO
28525689919,2,168896,57051379840,891427810,✓ CONFIRMADO
1424454208,4,160126,51280351500,147315,✓ CONFIRMADO
7183105,14,92183,16995226612,4248806653,✓ CONFIRMADO
71587015805,2,267558,143174031612,35793507903,✓ CONFIRMADO
7731421111,2,87929,15462842224,966427639,✓ CONFIRMADO
89370803549,2,298950,178741607100,36477879,✓ CONFIRMADO
51499267289,2,226935,102998534580,1702005,✓ CONFIRMADO
9727975529,2,98631,19455951060,540443085,✓ CONFIRMADO
74294132329,2,272570,148588264660,37147066165,✓ CONFIRMADO
76612980889,2,276791,153225961780,38306490445,✓ CONFIRMADO
34406725589,2,185491,68813451180,212387195,✓ CONFIRMADO
1651754867,4,172429,59463175224,14865793806,✓ CONFIRMADO
49748848979,2,223045,99497697960,24874424490,✓ CONFIRMADO
7239372139,2,85085,14478744280,3619686070,✓ CONFIRMADO
529821777,4,97657,19073583984,24328551,✓ CONFIRMADO
24490215541,2,156494,48980431084,72456259,✓ CONFIRMADO
757322879,2,27520,1514645760,5916585,✓ CONFIRMADO
64487301191,2,253944,128974602384,895656961,✓ CONFIRMADO
573763458,4,101626,20655484500,4215405,✓ CONFIRMADO
6954809419,2,83396,13909618840,3477404710,✓ CONFIRMADO
518897743,4,96645,18680318760,4670079690,✓ CONFIRMADO
14270811059,2,119461,28541622120,7135405530,✓ CONFIRMADO
12931214939,2,113716,25862429880,1990030,✓ CONFIRMADO
36940647799,2,192200,73881295600,192199,✓ CONFIRMADO
2845802,9,28629,1639182024,45532834,✓ CONFIRMADO
2419311781,2,49187,4838623564,1209655891,✓ CONFIRMADO
2876123269,2,53630,5752246540,1438061635,✓ CONFIRMADO
6764815751,2,82249,13529631504,845601969,✓ CONFIRMADO
18568013959,2,136265,37136027920,2321001745,✓ CONFIRMADO
813186595,6,246960,121977989280,17287130,✓ CONFIRMADO
2950934005,2,54323,5901868012,1475467003,✓ CONFIRMADO
3511457437,4,251409,126412467744,7900779234,✓ CONFIRMADO
5788698971,2,76084,11577397944,2894349486,✓ CONFIRMADO
520455781,2,22814,1040911564,260227891,✓ CONFIRMADO
21785907599,2,147601,43571815200,12103282,✓ CONFIRMADO
1168224728,4,145011,42056090220,10514022555,✓ CONFIRMADO
13851289171,2,117692,27702578344,6925644586,✓ CONFIRMADO
2070900998,4,193071,74552435940,18638108985,✓ CONFIRMADO
1526787750,4,165778,54964359012,13741089753,✓ CONFIRMADO
21879882641,2,147919,43759765284,10939941321,✓ CONFIRMADO
488874209,2,22111,977748420,244437105,✓ CONFIRMADO
300570248,4,73555,10820528940,2705132235,✓ CONFIRMADO
87888828059,2,296461,175777656120,542523630,✓ CONFIRMADO
23870327,13,149475,44685252300,446852523,✓ CONFIRMADO
19199012159,2,138561,38398024320,599969130,✓ CONFIRMADO
383005868,8,273988,150138300312,4170508342,✓ CONFIRMADO
1080035366,5,207850,86402829300,864028293,✓ CONFIRMADO
816852303,6,247516,122527845480,30631961370,✓ CONFIRMADO
48017969,2,6930,96035940,15785,✓ CONFIRMADO
474453968,8,304948,185985955512,5166276542,✓ CONFIRMADO
990014301,6,272491,148502145180,37125536295,✓ CONFIRMADO
41966595305,2,204858,83933190612,2331477517,✓ CONFIRMADO
18310555171,2,135317,36621110344,9155277586,✓ CONFIRMADO
28801993231,2,169712,57603986464,3600249154,✓ CONFIRMADO
58269,6,2091,8740380,2185095,✓ CONFIRMADO
869785583,4,125125,31312281000,313122810,✓ CONFIRMADO
11281307581,2,106214,22562615164,5640653791,✓ CONFIRMADO
71913271721,2,268167,143826543444,35956635861,✓ CONFIRMADO
19248648859,2,138740,38497297720,9624324430,✓ CONFIRMADO
470826452,8,303780,184563969240,46140992310,✓ CONFIRMADO
88488103429,2,297470,176976206860,44244051715,✓ CONFIRMADO
22224101005,2,149078,44448202012,11112050503,✓ CONFIRMADO
36673973519,2,191505,73347947040,4584246690,✓ CONFIRMADO
70779675979,2,266045,141559351960,35389837990,✓ CONFIRMADO
68358455569,2,261455,136716911140,34179227785,✓ CONFIRMADO
37763565911,2,194329,75527131824,524493971,✓ CONFIRMADO
4502546328,4,284686,162091667820,40522916955,✓ CONFIRMADO
46083423569,2,214671,92166847140,23041711785,✓ CONFIRMADO
6150402199,2,78425,12300804400,30752011,✓ CONFIRMADO
30180896801,2,173727,60361793604,1676716489,✓ CONFIRMADO
6087978649,2,78026,12175957300,121759573,✓ CONFIRMADO
235567049,5,97071,18845363940,4711340985,✓ CONFIRMADO
24042208079,2,155056,48084416160,3005276010,✓ CONFIRMADO
29859667199,2,172800,59719334400,1036794,✓ CONFIRMADO
106017911,2,10297,212035824,1472471,✓ CONFIRMADO
19139477369,2,138346,38278954740,9569738685,✓ CONFIRMADO
190592987,6,119560,28588948080,36465495,✓ CONFIRMADO
56662327481,2,238039,113324654964,28331163741,✓ CONFIRMADO
58416714719,2,241696,116833429440,202835815,✓ CONFIRMADO
80698321549,2,284075,161396643100,1613966431,✓ CONFIRMADO
20689801759,2,143840,41379603520,646556305,✓ CONFIRMADO
66423979711,2,257729,132847959424,2075749366,✓ CONFIRMADO
3443635805,2,58683,6887271612,1721817903,✓ CONFIRMADO
89504783101,2,299174,179009566204,44752391551,✓ CONFIRMADO
27655191101,2,166299,55310382204,13827595551,✓ CONFIRMADO
2058300791,2,45369,4116601584,5671,✓ CONFIRMADO
49037666579,2,221445,98075333160,2724314810,✓ CONFIRMADO
36115391639,2,190041,72230783280,4514423955,✓ CONFIRMADO
91556191,2,9569,183112384,2861131,✓ CONFIRMADO
1091651750,4,140178,39299463012,9824865753,✓ CONFIRMADO
2464803962,4,210634,88732942644,22183235661,✓ CONFIRMADO
40334898059,2,200836,80669796120,2240827670,✓ CONFIRMADO
55668863305,2,235943,111337726612,27834431653,✓ CONFIRMADO
92457839,2,9616,184915680,11557230,✓ CONFIRMADO
889560449,2,29826,1779120900,1976801,✓ CONFIRMADO
52322216339,2,228741,104644432680,26161108170,✓ CONFIRMADO
23256402499,2,152501,46512805000,18605122,✓ CONFIRMADO
2327242321,2,48242,4654484644,1163621161,✓ CONFIRMADO
26986439899,2,164276,53972879800,539728798,✓ CONFIRMADO
104375840,5,64615,8350067220,17252205,✓ CONFIRMADO
7969579,5,17855,637566340,159391585,✓ CONFIRMADO
8559857879,2,92520,17119715760,118886915,✓ CONFIRMADO
18189242555,2,134868,36378485112,9094621278,✓ CONFIRMADO
13559787361,2,116447,27119574724,6779893681,✓ CONFIRMADO
19675003,9,75276,11332801800,12592002,✓ CONFIRMADO
348989659,6,161785,52348448880,363530895,✓ CONFIRMADO
750903963,4,116260,27032542680,6758135670,✓ CONFIRMADO
14413563191,2,120057,28827126384,1801695399,✓ CONFIRMADO
1835069849,5,270930,146805587940,36701396985,✓ CONFIRMADO
18191400499,2,134876,36382801000,363828010,✓ CONFIRMADO
9793576405,2,98963,19587152812,4896788203,✓ CONFIRMADO
71633578379,2,267645,143267156760,35816789190,✓ CONFIRMADO
87687350519,2,296121,175374701040,10960918815,✓ CONFIRMADO
30985744,12,149986,44991300420,1249758345,✓ CONFIRMADO
8049947561,2,89722,16099895124,447219309,✓ CONFIRMADO
88313277799,2,297176,176626555600,3649309,✓ CONFIRMADO
47043383,4,29100,1693561800,16935618,✓ CONFIRMADO
28002173581,2,167339,56004347164,14001086791,✓ CONFIRMADO
47286251,2,6877,94572504,4966,✓ CONFIRMADO
1776549101,5,266575,142123928100,1421239281,✓ CONFIRMADO
920971307,5,191935,73677704580,2046602905,✓ CONFIRMADO
341898589,2,18491,683797180,55,✓ CONFIRMADO
15497386631,2,124489,30994773264,215241481,✓ CONFIRMADO
353270350,4,79743,12717732612,3179433153,✓ CONFIRMADO
53534159249,2,231375,107068318500,1070683185,✓ CONFIRMADO
14852906,5,24375,1188232500,475293,✓ CONFIRMADO
3224654,37,278055,154628609940,4295239165,✓ CONFIRMADO
45476513,14,231946,107597429940,12177165,✓ CONFIRMADO
204218389,2,14291,408436780,102109195,✓ CONFIRMADO
72058691405,2,268438,144117382812,36029345703,✓ CONFIRMADO
33521,20,11001,242022000,605055,✓ CONFIRMADO
7734410969,2,87946,15468821940,3867205485,✓ CONFIRMADO
279192388,4,70891,10050925980,2512731495,✓ CONFIRMADO
89236326899,2,298725,178472653800,1784726538,✓ CONFIRMADO
52236755,2,7228,104473512,2902042,✓ CONFIRMADO
2716299502,4,221119,97786782084,24446695521,✓ CONFIRMADO
163042672,4,54174,5869536204,1467384051,✓ CONFIRMADO
7197401405,2,84838,14394802812,21294087,✓ CONFIRMADO
111838475,4,44868,4026185112,1006546278,✓ CONFIRMADO
28392418499,2,168501,56784837000,567848370,✓ CONFIRMADO
56761394761,2,238247,113522789524,28380697381,✓ CONFIRMADO
1653032305,2,40658,3306064612,826516153,✓ CONFIRMADO
40274268539,2,200685,80548537080,20137134270,✓ CONFIRMADO
3337193,16,77505,12013895040,187717110,✓ CONFIRMADO
27378169831,2,165464,54756339664,3422271229,✓ CONFIRMADO
3442522117,4,248929,123930796224,1936418691,✓ CONFIRMADO
8305679359,2,91136,16611358720,16222030,✓ CONFIRMADO
74503613161,2,272954,149007226324,37251806581,✓ CONFIRMADO
17221969055,2,131233,34443938112,538186533,✓ CONFIRMADO
3559255939,2,59660,7118511880,1779627970,✓ CONFIRMADO
1162240315,5,215615,92979225220,23244806305,✓ CONFIRMADO
46696832929,2,216095,93393665860,23348416465,✓ CONFIRMADO
70857382289,2,266191,141714764580,35428691145,✓ CONFIRMADO
3630982747,4,255652,130715378904,32678844726,✓ CONFIRMADO
1657344809,2,40711,3314689620,828672405,✓ CONFIRMADO
76636786721,2,276834,153273573444,38318393361,✓ CONFIRMADO
4724292607,4,291612,170074533864,42518633466,✓ CONFIRMADO
3390441755,2,58228,6780883512,1695220878,✓ CONFIRMADO
12238665011,2,110629,24477330024,679925834,✓ CONFIRMADO
19676675,6,38416,2951501280,76830,✓ CONFIRMADO
42405723401,2,205927,84811446804,21202861701,✓ CONFIRMADO
82891919,2,9105,165783840,10361490,✓ CONFIRMADO
683988262,4,110959,24623577444,6155894361,✓ CONFIRMADO
103658657,10,204895,83963512260,2332319785,✓ CONFIRMADO
58109682539,2,241060,116219365080,29054841270,✓ CONFIRMADO
17823718529,2,133506,35647437060,990206585,✓ CONFIRMADO
19911326555,2,141108,39822653112,9955663278,✓ CONFIRMADO
64750654981,2,254462,129501309964,32375327491,✓ CONFIRMADO
4973423005,2,70523,9946846012,2486711503,✓ CONFIRMADO
728703029,2,26995,1457406060,364351515,✓ CONFIRMADO
44395543505,2,210703,88791087012,22197771753,✓ CONFIRMADO
60404613301,2,245774,120809226604,30202306651,✓ CONFIRMADO
1165330101,6,295635,174799515180,43699878795,✓ CONFIRMADO
49825159439,2,223216,99650318880,6228144930,✓ CONFIRMADO
186492263,5,86370,14919381060,3729845265,✓ CONFIRMADO
1311417581,2,36214,2622835164,655708791,✓ CONFIRMADO
820817351,6,248116,123122602680,30780650670,✓ CONFIRMADO
75596127755,2,274948,151192255512,37798063878,✓ CONFIRMADO
11506102021,2,107267,23012204044,5753051011,✓ CONFIRMADO
5089009312,4,302659,183204335244,45801083811,✓ CONFIRMADO
59300285771,2,243517,118600571544,29650142886,✓ CONFIRMADO
45652091231,2,213664,91304182464,1426627851,✓ CONFIRMADO
4566541672,4,286702,164395500204,41098875051,✓ CONFIRMADO
1851365755,2,43028,3702731512,925682878,✓ CONFIRMADO
4461802368,4,283395,160624885260,40156221315,✓ CONFIRMADO
40555716839,2,201385,81111433680,563273845,✓ CONFIRMADO
77589823949,2,278550,155179647900,172421831,✓ CONFIRMADO
212416049,2,14575,424832100,4248321,✓ CONFIRMADO
847408973,4,123505,30506723040,1906670190,✓ CONFIRMADO
35929012949,2,189550,71858025900,79842251,✓ CONFIRMADO
580754495,5,152415,46460359620,1290565545,✓ CONFIRMADO
1385499670,5,235415,110839973620,27709993405,✓ CONFIRMADO
17377435151,2,131824,34754870304,241353266,✓ CONFIRMADO
600225499,2,24500,1200451000,244990,✓ CONFIRMADO
32409900755,2,180028,64819801512,1800550042,✓ CONFIRMADO
73150734,12,230451,106214865900,1062148659,✓ CONFIRMADO
14732497505,2,121378,29464995012,7366248753,✓ CONFIRMADO
268143,6,4485,40221480,10055370,✓ CONFIRMADO
5080404000,4,302403,182894544012,45723636003,✓ CONFIRMADO
22333658579,2,149445,44667317160,15318010,✓ CONFIRMADO
85668314171,2,292692,171336628344,42834157086,✓ CONFIRMADO
30425999329,2,174431,60851998660,15212999665,✓ CONFIRMADO
1407037609,2,37511,2814075220,5814205,✓ CONFIRMADO
23788280989,2,154235,47576561980,11894140495,✓ CONFIRMADO
16600132121,2,128842,33200264244,8300066061,✓ CONFIRMADO
51162594671,2,226192,102325189344,6395324334,✓ CONFIRMADO
87007595869,2,294971,174015191740,43503797935,✓ CONFIRMADO
1486605952,4,163582,53517814284,13379453571,✓ CONFIRMADO
63365223899,2,251725,126730447800,1267304478,✓ CONFIRMADO
2958326489,2,54391,5916652980,30187005,✓ CONFIRMADO
600117482,5,154935,48009398580,1333594405,✓ CONFIRMADO
3921327019,2,62621,7842654040,1960663510,✓ CONFIRMADO
68200628255,2,261153,136401256512,236807737,✓ CONFIRMADO
34465736849,2,185650,68931473700,689314737,✓ CONFIRMADO
53586462655,2,231488,107172925312,1674576958,✓ CONFIRMADO
9227235421,2,96059,18454470844,4613617711,✓ CONFIRMADO
48043160155,2,219188,96086320312,24021580078,✓ CONFIRMADO
2068627784,5,287655,165490222740,41372555685,✓ CONFIRMADO
36667462655,2,191488,73334925312,71616138,✓ CONFIRMADO
76020139805,2,275718,152040279612,38010069903,✓ CONFIRMADO
29595869189,2,172035,59191738380,1644214955,✓ CONFIRMADO
27359971871,2,165409,54719943744,854999121,✓ CONFIRMADO
24013996259,2,154965,48027992520,12006998130,✓ CONFIRMADO
4798946152,4,293907,172762061484,440859,✓ CONFIRMADO
67688168729,2,260170,135376337460,33844084365,✓ CONFIRMADO
44453294759,2,210840,88906589520,5556661845,✓ CONFIRMADO
9112707059,2,95461,18225414120,4556353530,✓ CONFIRMADO
13142673521,2,114642,26285347044,730148529,✓ CONFIRMADO
126591849,12,303160,183811364880,11488210305,✓ CONFIRMADO
7623298031,2,87312,15246596064,952912254,✓ CONFIRMADO
87432871789,2,295691,174865743580,43716435895,✓ CONFIRMADO
52673137,4,30792,1896232944,118514559,✓ CONFIRMADO
9840739199,2,99201,19681478400,3075231,✓ CONFIRMADO
25724150155,2,160388,51448300312,12862075078,✓ CONFIRMADO
417860322,4,86727,15042971604,3760742901,✓ CONFIRMADO
247702790,9,267093,142676807112,3963244642,✓ CONFIRMADO
27340126451,2,165349,54680252904,1518895914,✓ CONFIRMADO
41120336741,2,202782,82240673484,20560168371,✓ CONFIRMADO
47172582055,2,217193,94345164112,5896572757,✓ CONFIRMADO
56543846309,2,237790,113087692620,3141324795,✓ CONFIRMADO
18178185101,2,134827,36356370204,9089092551,✓ CONFIRMADO
